{"frameRate":24,"armature":[{"bone":[{"name":"root","transform":{}},{"transform":{"y":-391.55,"skX":-116.2685,"skY":-116.2685,"x":13.25},"length":50,"name":"body1","parent":"root"},{"transform":{"y":-24.162,"skX":-110.0365,"skY":-110.0365,"x":-20.9421},"length":137,"name":"r_leg0","parent":"body1"},{"transform":{"y":-19.9631,"skX":174.831,"skY":174.831,"x":-21.3799},"length":141,"name":"l_leg0","parent":"body1"},{"transform":{"skX":26.4198,"skY":26.4198,"x":50.9228},"length":168,"name":"body0","parent":"body1"},{"transform":{"y":4.1967,"skX":115.2846,"skY":115.2846,"x":135.8186},"length":94,"name":"l_arm0","parent":"body0"},{"transform":{"y":-1.7995,"skX":-29.4775,"skY":-29.4775,"x":151.7915},"length":182,"name":"l_leg1","parent":"l_leg0"},{"transform":{"y":-3.8359,"skX":-108.3776,"skY":-108.3776,"x":136.4278},"length":91,"name":"r_arm0","parent":"body0"},{"transform":{"y":0.9998,"skX":-6.7907,"skY":-6.7907,"x":172.7305},"length":107,"name":"head","parent":"body0"},{"transform":{"y":4.7226,"skX":-40.202,"skY":-40.202,"x":153.0594},"length":179,"name":"r_leg1","parent":"r_leg0"},{"transform":{"y":1.2427,"skX":16.1046,"skY":16.1046,"x":105.4928},"length":114,"name":"l_arm1","parent":"l_arm0"},{"transform":{"y":2.7931,"skX":24.4653,"skY":24.4653,"x":101.9294},"length":115,"name":"r_arm1","parent":"r_arm0"},{"transform":{"y":4.4115,"skX":27.5309,"skY":27.5309,"x":187.1058},"length":52,"name":"r_foot","parent":"r_leg1"},{"transform":{"y":2.2534,"skX":60.763,"skY":60.763,"x":198.9839},"length":54,"name":"l_foot","parent":"l_leg1"},{"transform":{"y":0.7647,"skX":-12.5494,"skY":-12.5494,"x":126.8373},"length":62,"name":"r_hand","parent":"r_arm1"},{"transform":{"y":2.5711,"skX":30.2141,"skY":30.2141,"x":123.8683},"length":57,"name":"l_hand","parent":"l_arm1"}],"skin":[{"name":"","slot":[{"display":[{"type":"image","name":"robot_armUpper","transform":{"y":4.4789,"skX":-70.997,"skY":-70.997,"x":31.5433}}],"name":"l_arm0"},{"display":[{"type":"image","name":"robot_foot","transform":{"y":5.2178,"skX":-170.3206,"skY":-170.3206,"x":47.7679}}],"name":"l_handTool"},{"display":[{"type":"image","name":"robot_hand","transform":{"y":-1.5636,"skX":-105.1605,"skY":-105.1605,"x":23.6337}}],"name":"l_hand"},{"display":[{"type":"image","name":"robot_armLower","transform":{"y":-2.9028,"skX":-94.2926,"skY":-94.2926,"x":52.2845}}],"name":"l_arm1"},{"display":[{"type":"image","name":"robot_hand","transform":{"y":0.6495,"skX":-106.216,"skY":-106.216,"x":24.2269}}],"name":"r_hand"},{"display":[{"type":"image","name":"robot_head","transform":{"y":-0.4978,"skX":103.0221,"skY":103.0221,"x":50.8298}},{"type":"image","name":"robot_head1","transform":{"y":6.0123,"skX":96.6394,"skY":96.6394,"x":51.6513}},{"type":"image","name":"robot_head2","transform":{"y":5.781,"skX":99.7996,"skY":99.7996,"x":49.6647}}],"name":"head"},{"display":[{"type":"image","name":"robot_bodyUpper","transform":{"y":-4.7662,"skX":85.0501,"skY":85.0501,"x":78.1589}}],"name":"body0"},{"display":[{"type":"image","name":"robot_foot","transform":{"y":-0.0897,"skX":-133.3299,"skY":-133.3299,"x":23.0538}}],"name":"r_foot"},{"display":[{"type":"image","name":"robot_armLower","transform":{"y":-3.336,"skX":-94.4778,"skY":-94.4778,"x":52.1611}}],"name":"r_arm1"},{"display":[{"type":"image","name":"robot_legLower","transform":{"y":-8.9425,"skX":-80.4861,"skY":-80.4861,"x":83.6544}}],"name":"r_leg1"},{"display":[{"type":"image","name":"robot_legUpper","transform":{"y":-3.7083,"skX":-92.8475,"skY":-92.8475,"x":66.3379}}],"name":"l_leg0"},{"display":[{"type":"image","name":"robot_foot","transform":{"y":-0.8138,"skX":-147.1099,"skY":-147.1099,"x":16.8678}}],"name":"l_foot"},{"display":[{"type":"image","name":"robot_bodyLower","transform":{"y":-6.5691,"skX":114.6023,"skY":114.6023,"x":3.0617}}],"name":"body1"},{"display":[{"type":"image","name":"robot_legLower","transform":{"y":-8.8097,"skX":-82.4879,"skY":-82.4879,"x":90.6428}}],"name":"l_leg1"},{"display":[{"type":"image","name":"robot_legUpper","transform":{"y":-11.2498,"skX":-85.4734,"skY":-85.4734,"x":55.6449}}],"name":"r_leg0"},{"display":[{"type":"image","name":"robot_armUpper","transform":{"y":2.0641,"skX":-68.7473,"skY":-68.7473,"x":25.6782}}],"name":"r_arm0"}]}],"slot":[{"name":"r_arm1","parent":"r_arm1"},{"z":1,"name":"r_arm0","parent":"r_arm0"},{"z":2,"name":"r_hand","parent":"r_hand"},{"z":3,"name":"r_leg0","parent":"r_leg0"},{"z":4,"name":"r_leg1","parent":"r_leg1"},{"z":5,"name":"r_foot","parent":"r_foot"},{"z":6,"name":"head","parent":"head"},{"z":7,"name":"body0","parent":"body0"},{"z":8,"name":"body1","parent":"body1"},{"z":9,"name":"l_arm1","parent":"l_arm1"},{"z":10,"name":"l_arm0","parent":"l_arm0"},{"z":11,"name":"l_leg0","parent":"l_leg0"},{"z":12,"name":"l_leg1","parent":"l_leg1"},{"z":13,"name":"l_foot","parent":"l_foot"},{"z":14,"name":"l_handTool","parent":"l_hand"},{"z":15,"name":"l_hand","parent":"l_hand"}],"animation":[{"playTimes":0,"slot":[{"frame":[],"name":"body0"},{"frame":[],"name":"body1"},{"frame":[],"name":"l_arm1"},{"frame":[],"name":"l_arm0"},{"frame":[],"name":"l_leg0"},{"frame":[],"name":"l_leg1"},{"frame":[],"name":"l_foot"},{"frame":[],"name":"l_hand"},{"frame":[],"name":"r_arm1"},{"frame":[],"name":"r_arm0"},{"frame":[],"name":"r_hand"},{"frame":[],"name":"r_leg0"},{"frame":[],"name":"r_leg1"},{"frame":[],"name":"r_foot"},{"frame":[],"name":"head"},{"frame":[],"name":"l_handTool"}],"duration":24,"bone":[{"frame":[{"tweenEasing":null,"duration":24,"transform":{}}],"name":"root"},{"frame":[{"tweenEasing":null,"duration":24,"transform":{}}],"name":"body1"},{"frame":[{"tweenEasing":null,"duration":24,"transform":{}}],"name":"body0"},{"frame":[{"tweenEasing":0,"duration":12,"transform":{"skX":63.8895,"skY":63.8895}},{"tweenEasing":0,"duration":12,"transform":{"skX":63.8895,"skY":63.8895}},{"tweenEasing":null,"duration":0,"transform":{"skX":63.8895,"skY":63.8895}}],"name":"l_arm0"},{"frame":[{"tweenEasing":null,"duration":24,"transform":{}}],"name":"l_arm1"},{"frame":[{"tweenEasing":0,"duration":12,"transform":{"skX":-25.1528,"skY":-25.1528}},{"tweenEasing":0,"duration":12,"transform":{"skX":-25.1528,"skY":-25.1528}},{"tweenEasing":null,"duration":0,"transform":{"skX":-25.1528,"skY":-25.1528}}],"name":"l_hand"},{"frame":[{"tweenEasing":0,"duration":12,"transform":{"skX":-77.4653,"skY":-77.4653}},{"tweenEasing":0,"duration":12,"transform":{"skX":-77.4653,"skY":-77.4653}},{"tweenEasing":null,"duration":0,"transform":{"skX":-77.4653,"skY":-77.4653}}],"name":"r_arm0"},{"frame":[{"tweenEasing":null,"duration":24,"transform":{}}],"name":"r_arm1"},{"frame":[{"tweenEasing":null,"duration":24,"transform":{}}],"name":"r_hand"},{"frame":[{"tweenEasing":0,"duration":6,"transform":{"skX":35.4693,"skY":35.4693}},{"tweenEasing":0,"duration":6,"transform":{"skX":55.8943,"skY":55.8943}},{"tweenEasing":0,"duration":6,"transform":{"skX":35.4693,"skY":35.4693}},{"tweenEasing":0,"duration":6,"transform":{"skX":7.0678,"skY":7.0678}},{"tweenEasing":null,"duration":0,"transform":{"skX":35.4693,"skY":35.4693}}],"name":"l_leg0"},{"frame":[{"tweenEasing":0,"duration":12,"transform":{"skX":22.6026,"skY":22.6026}},{"tweenEasing":0,"duration":12,"transform":{"skX":22.6026,"skY":22.6026}},{"tweenEasing":null,"duration":0,"transform":{"skX":22.6026,"skY":22.6026}}],"name":"l_leg1"},{"frame":[{"tweenEasing":0,"duration":6,"transform":{"skX":-1.1757,"skY":-1.1757}},{"tweenEasing":0,"duration":12,"transform":{"skX":-24.8836,"skY":-24.8836}},{"tweenEasing":null,"duration":6,"transform":{"skX":6.9473,"skY":6.9473}}],"name":"l_foot"},{"frame":[{"tweenEasing":0,"duration":6,"transform":{"y":3.184,"skX":-38.2935,"skY":-38.2935,"x":-4.1999}},{"tweenEasing":0,"duration":6,"transform":{"y":3.184,"skX":-65.21,"skY":-65.21,"x":-4.1999}},{"tweenEasing":0,"duration":6,"transform":{"y":3.184,"skX":-38.2935,"skY":-38.2935,"x":-4.1999}},{"tweenEasing":0,"duration":6,"transform":{"y":3.184,"skX":-15.7426,"skY":-15.7426,"x":-4.1999}},{"tweenEasing":null,"duration":0,"transform":{"y":3.184,"skX":-38.2935,"skY":-38.2935,"x":-4.1999}}],"name":"r_leg0"},{"frame":[{"tweenEasing":0,"duration":12,"transform":{"skX":31.3056,"skY":31.3056}},{"tweenEasing":0,"duration":12,"transform":{"skX":31.3056,"skY":31.3056}},{"tweenEasing":null,"duration":0,"transform":{"skX":31.3056,"skY":31.3056}}],"name":"r_leg1"},{"frame":[{"tweenEasing":0,"duration":6,"transform":{"y":1.2728,"skX":23.1568,"skY":23.1568,"x":-0.5124}},{"tweenEasing":0,"duration":12,"transform":{"skX":26.5414,"skY":26.5414}},{"tweenEasing":0,"duration":6,"transform":{"skX":-12.1272,"skY":-12.1272}},{"tweenEasing":null,"duration":0,"transform":{"skX":21.979,"skY":21.979}}],"name":"r_foot"},{"frame":[{"tweenEasing":null,"duration":24,"transform":{}}],"name":"head"}],"frame":[],"name":"walk"},{"playTimes":0,"slot":[{"frame":[],"name":"body0"},{"frame":[],"name":"body1"},{"frame":[],"name":"l_arm1"},{"frame":[],"name":"l_arm0"},{"frame":[],"name":"l_leg0"},{"frame":[],"name":"l_leg1"},{"frame":[],"name":"l_foot"},{"frame":[],"name":"l_hand"},{"frame":[],"name":"r_arm1"},{"frame":[],"name":"r_arm0"},{"frame":[],"name":"r_hand"},{"frame":[],"name":"r_leg0"},{"frame":[],"name":"r_leg1"},{"frame":[],"name":"r_foot"},{"frame":[],"name":"head"},{"frame":[],"name":"l_handTool"}],"duration":24,"bone":[{"frame":[{"tweenEasing":null,"duration":24,"transform":{}}],"name":"root"},{"frame":[{"tweenEasing":null,"duration":24,"transform":{}}],"name":"body1"},{"frame":[{"tweenEasing":null,"duration":24,"transform":{}}],"name":"body0"},{"frame":[{"tweenEasing":0,"duration":6,"transform":{"skX":143.6127,"skY":143.6127}},{"tweenEasing":0,"duration":6,"transform":{"skX":104.7394,"skY":104.7394}},{"tweenEasing":0,"duration":6,"transform":{"skX":156.6407,"skY":156.6407}},{"tweenEasing":0,"duration":6,"transform":{"skX":110.115,"skY":110.115}},{"tweenEasing":null,"duration":0,"transform":{"skX":150.23,"skY":150.23}}],"name":"l_arm0"},{"frame":[{"tweenEasing":null,"duration":24,"transform":{}}],"name":"l_arm1"},{"frame":[{"tweenEasing":0,"duration":12,"transform":{"skX":18.7786,"skY":18.7786}},{"tweenEasing":0,"duration":12,"transform":{"skX":-25.1528,"skY":-25.1528}},{"tweenEasing":null,"duration":0,"transform":{"skX":-25.1528,"skY":-25.1528}}],"name":"l_hand"},{"frame":[{"tweenEasing":0,"duration":12,"transform":{"skX":-49.0774,"skY":-49.0774}},{"tweenEasing":0,"duration":12,"transform":{"skX":-19.7492,"skY":-19.7492}},{"tweenEasing":null,"duration":0,"transform":{"skX":-77.4653,"skY":-77.4653}}],"name":"r_arm0"},{"frame":[{"tweenEasing":null,"duration":24,"transform":{"skX":-8.5023,"skY":-8.5023}}],"name":"r_arm1"},{"frame":[{"tweenEasing":null,"duration":24,"transform":{}}],"name":"r_hand"},{"frame":[{"tweenEasing":0,"duration":6,"transform":{"skX":35.4693,"skY":35.4693}},{"tweenEasing":0,"duration":6,"transform":{"skX":102.3745,"skY":102.3745}},{"tweenEasing":0,"duration":6,"transform":{"skX":35.4693,"skY":35.4693}},{"tweenEasing":0,"duration":6,"transform":{"skX":-10.4266,"skY":-10.4266}},{"tweenEasing":null,"duration":0,"transform":{"skX":35.4693,"skY":35.4693}}],"name":"l_leg0"},{"frame":[{"tweenEasing":0,"duration":6,"transform":{"skX":22.6026,"skY":22.6026}},{"tweenEasing":0,"duration":6,"transform":{"skX":-28.4702,"skY":-28.4702}},{"tweenEasing":0,"duration":6,"transform":{"skX":22.6026,"skY":22.6026}},{"tweenEasing":0,"duration":6,"transform":{"skX":-4.7176,"skY":-4.7176}},{"tweenEasing":null,"duration":0,"transform":{"skX":22.6026,"skY":22.6026}}],"name":"l_leg1"},{"frame":[{"tweenEasing":0,"duration":6,"transform":{"skX":-1.1757,"skY":-1.1757}},{"tweenEasing":0,"duration":12,"transform":{"skX":-24.8836,"skY":-24.8836}},{"tweenEasing":null,"duration":6,"transform":{"skX":6.9473,"skY":6.9473}}],"name":"l_foot"},{"frame":[{"tweenEasing":0,"duration":6,"transform":{"y":3.184,"skX":-38.2935,"skY":-38.2935,"x":-4.1999}},{"tweenEasing":0,"duration":6,"transform":{"y":3.184,"skX":-78.9938,"skY":-78.9938,"x":-4.1999}},{"tweenEasing":0,"duration":6,"transform":{"y":3.184,"skX":-38.2935,"skY":-38.2935,"x":-4.1999}},{"tweenEasing":0,"duration":6,"transform":{"y":3.184,"skX":6.2124,"skY":6.2124,"x":-4.1999}},{"tweenEasing":null,"duration":0,"transform":{"y":3.184,"skX":-38.2935,"skY":-38.2935,"x":-4.1999}}],"name":"r_leg0"},{"frame":[{"tweenEasing":0,"duration":6,"transform":{"skX":31.3056,"skY":31.3056}},{"tweenEasing":0,"duration":6,"transform":{"skX":-11.1818,"skY":-11.1818}},{"tweenEasing":0,"duration":6,"transform":{"skX":31.3056,"skY":31.3056}},{"tweenEasing":0,"duration":6,"transform":{"skX":-0.0148,"skY":-0.0148}},{"tweenEasing":null,"duration":0,"transform":{"skX":31.3056,"skY":31.3056}}],"name":"r_leg1"},{"frame":[{"tweenEasing":0,"duration":6,"transform":{"y":1.2728,"skX":23.1568,"skY":23.1568,"x":-0.5124}},{"tweenEasing":0,"duration":12,"transform":{"skX":26.5414,"skY":26.5414}},{"tweenEasing":0,"duration":6,"transform":{"skX":-12.1272,"skY":-12.1272}},{"tweenEasing":null,"duration":0,"transform":{"skX":21.979,"skY":21.979}}],"name":"r_foot"},{"frame":[{"tweenEasing":0,"duration":12,"transform":{}},{"tweenEasing":0,"duration":12,"transform":{"skX":44.1654,"skY":44.1654}},{"tweenEasing":null,"duration":0,"transform":{"skX":2.5344,"skY":2.5344}}],"name":"head"}],"frame":[],"name":"run"}],"name":"armature"}],"name":"BoneAniAssets","version":"4.0","isGlobal":0}