{"name":"BoneAniAssets","imagePath":"texture.png","SubTexture":[{"frameY":0,"y":107,"frameWidth":40,"frameX":0,"frameHeight":139,"width":40,"height":138,"name":"robot_armLower","x":248},{"frameY":0,"y":1,"frameWidth":77,"frameX":-1,"frameHeight":125,"width":76,"height":125,"name":"robot_armUpper","x":121},{"frameY":0,"y":107,"frameWidth":40,"frameX":0,"frameHeight":76,"width":38,"height":76,"name":"robot_hand","x":207},{"frameY":0,"y":199,"frameWidth":75,"frameX":0,"frameHeight":183,"width":74,"height":182,"name":"robot_legUpper","x":75},{"frameY":0,"y":199,"frameWidth":74,"frameX":0,"frameHeight":207,"width":72,"height":206,"name":"robot_legLower","x":1},{"frameY":0,"y":128,"frameX":0,"width":84,"height":50,"name":"robot_foot","x":121},{"frameY":0,"y":199,"frameWidth":97,"frameX":0,"frameHeight":119,"width":95,"height":118,"name":"robot_head2","x":151},{"frameY":0,"y":319,"frameWidth":97,"frameX":0,"frameHeight":119,"width":95,"height":118,"name":"robot_head","x":172},{"frameY":0,"y":383,"frameWidth":97,"frameX":0,"frameHeight":119,"width":95,"height":118,"name":"robot_head1","x":75},{"frameY":0,"y":1,"frameWidth":121,"frameX":-1,"frameHeight":196,"width":118,"height":196,"name":"robot_bodyUpper","x":1},{"frameY":0,"y":1,"frameWidth":91,"frameX":-1,"frameHeight":104,"width":90,"height":104,"name":"robot_bodyLower","x":199}]}